{"cameraMode":{"drawMode":0,"name":"Shaded","section":"Shading Mode"},"sceneLighting":true,"audioPlay":false,"sceneViewState":{"showFog":true,"showMaterialUpdate":true,"showSkybox":true,"showFlares":true,"showImageEffects":true,"showParticleSystems":true},"in2DMode":false,"pivot":{"x":3.1864614486694338,"y":-27.833505630493165,"z":30.330778121948243},"rotation":{"x":0.3665817975997925,"y":-0.0002563133602961898,"z":0.0002276750310556963,"w":0.930448055267334},"size":25.900671005249025,"orthographic":false}