{"cameraMode":{"drawMode":0,"name":"Shaded","section":"Shading Mode"},"sceneLighting":true,"audioPlay":false,"sceneViewState":{"showFog":true,"showMaterialUpdate":true,"showSkybox":true,"showFlares":true,"showImageEffects":true,"showParticleSystems":true},"in2DMode":false,"pivot":{"x":-218.79620361328126,"y":-56.24454879760742,"z":33.13978958129883},"rotation":{"x":0.11993571370840073,"y":-0.6380034685134888,"z":0.10157124698162079,"w":0.7539196014404297},"size":124.29124450683594,"orthographic":false}